mysql> select Total from Invoice
    -> where InvoiceId = 2;
+-------+
| Total |
+-------+
|  3.96 |
+-------+
1 row in set (0.00 sec)

mysql> select sum(UnitPrice * Quantity) from InvoiceLine
    -> where InvoiceId = 2;
+---------------------------+
| sum(UnitPrice * Quantity) |
+---------------------------+
|                      3.96 |
+---------------------------+
1 row in set (0.00 sec)

mysql> notee
