mysql> select max(LastName) from Customer;
+---------------+
| max(LastName) |
+---------------+
| Zimmermann    |
+---------------+
1 row in set (0.00 sec)

mysql> select max(FirstName) from Customer;
+----------------+
| max(FirstName) |
+----------------+
| Wyatt          |
+----------------+
1 row in set (0.00 sec)

mysql> notee
